Time,Player,Geothermal Plant,Solar Panel,Wind Turbine,Electrolysis Reactor,Hydroponic Farm,Water Pump,Chemicals Lab,Electronics Factory,Glass Furnace,Steel Mill,Dry Ice Condenser,Ice Condenser,Elemental Quarry,Metal Mine,Engineering Lab,Hacker Array,Offworld Market,Patent Lab,Pleasure Dome,HQ
0:00,Totakeke,<div>,<div>,<div>,<div>,<div>,<div>,<div>,<div>,<div>,<div>,<div>,<div>,<div>,<div>,<div>,<div>,<div>,<div>,<div>,<div class='increase'>
0:00,Ms. Production,<div>,<div>,<div>,<div>,<div>,<div>,<div>,<div>,<div>,<div>,<div>,<div>,<div>,<div>,<div>,<div>,<div>,<div>,<div>,<div>
0:00,Ms. Launch,<div>,<div>,<div>,<div>,<div>,<div>,<div>,<div>,<div>,<div>,<div>,<div>,<div>,<div>,<div>,<div>,<div>,<div>,<div>,<div>
0:00,Mr. Sabotage,<div>,<div>,<div>,<div>,<div>,<div>,<div>,<div>,<div>,<div>,<div>,<div>,<div>,<div>,<div>,<div>,<div>,<div>,<div>,<div>
0:30,Totakeke,<div>,<div>,<div>,<div>,<div>,<div>,<div>,<div>,<div>,<div class='increase'>,<div>,<div>,<div>,<div class='increase'>,<div>,<div>,<div>,<div>,<div>,<div>
0:30,Ms. Production,<div>,<div class='increase'>,<div>,<div>,<div>,<div>,<div>,<div>,<div>,<div class='increase'>,<div>,<div>,<div>,<div class='increase'>,<div>,<div>,<div>,<div>,<div>,<div class='increase'>
0:30,Ms. Launch,<div>,<div>,<div>,<div>,<div>,<div>,<div>,<div>,<div>,<div>,<div>,<div>,<div class='increase'>,<div>,<div>,<div>,<div>,<div>,<div>,<div class='increase'>
0:30,Mr. Sabotage,<div>,<div>,<div class='increase'>,<div>,<div class='increase'>,<div>,<div>,<div>,<div>,<div class='increase'>,<div>,<div>,<div>,<div>,<div>,<div>,<div>,<div>,<div>,<div class='increase'>
1:00,Totakeke,<div>,<div>,<div>,<div>,<div>,<div>,<div>,<div>,<div>,<div>,<div>,<div>,<div>,<div>,<div>,<div>,<div>,<div>,<div>,<div>
1:00,Ms. Production,<div>,<div>,<div>,<div>,<div>,<div>,<div>,<div>,<div>,<div>,<div>,<div>,<div>,<div>,<div>,<div>,<div>,<div>,<div>,<div>
1:00,Ms. Launch,<div>,<div>,<div>,<div>,<div class='increase'>,<div class='increase'>,<div>,<div>,<div>,<div>,<div>,<div>,<div>,<div>,<div>,<div>,<div>,<div>,<div>,<div>
1:00,Mr. Sabotage,<div>,<div>,<div>,<div>,<div>,<div>,<div>,<div>,<div>,<div>,<div>,<div>,<div>,<div>,<div>,<div>,<div>,<div>,<div>,<div>
1:30,Totakeke,<div>,<div>,<div>,<div>,<div>,<div>,<div>,<div>,<div>,<div class='increase'>,<div>,<div>,<div>,<div class='increase'>,<div>,<div>,<div>,<div>,<div>,<div class='increase'>
1:30,Ms. Production,<div>,<div>,<div>,<div>,<div>,<div>,<div>,<div>,<div>,<div>,<div>,<div>,<div>,<div class='increase'>,<div>,<div>,<div>,<div>,<div>,<div>
1:30,Ms. Launch,<div>,<div>,<div>,<div>,<div>,<div>,<div>,<div>,<div>,<div>,<div>,<div>,<div>,<div>,<div>,<div>,<div>,<div>,<div>,<div>
1:30,Mr. Sabotage,<div>,<div>,<div>,<div>,<div>,<div>,<div>,<div>,<div>,<div>,<div>,<div>,<div>,<div>,<div>,<div>,<div>,<div>,<div>,<div>
2:00,Totakeke,<div>,<div>,<div>,<div>,<div>,<div>,<div>,<div>,<div>,<div>,<div>,<div>,<div>,<div class='increase'>,<div>,<div>,<div>,<div>,<div>,<div>
2:00,Ms. Production,<div>,<div>,<div>,<div>,<div>,<div>,<div>,<div>,<div>,<div>,<div>,<div>,<div>,<div>,<div>,<div>,<div>,<div>,<div>,<div>
2:00,Ms. Launch,<div>,<div>,<div>,<div>,<div>,<div>,<div>,<div>,<div>,<div>,<div>,<div>,<div>,<div class='increase'>,<div>,<div>,<div>,<div>,<div>,<div>
2:00,Mr. Sabotage,<div>,<div>,<div>,<div>,<div>,<div>,<div>,<div>,<div>,<div>,<div>,<div>,<div>,<div class='increase'>,<div>,<div>,<div>,<div>,<div>,<div>
2:30,Totakeke,<div>,<div>,<div>,<div>,<div>,<div>,<div>,<div>,<div>,<div>,<div>,<div>,<div>,<div>,<div>,<div>,<div>,<div>,<div>,<div>
2:30,Ms. Production,<div>,<div>,<div>,<div>,<div>,<div>,<div>,<div>,<div>,<div>,<div>,<div>,<div>,<div>,<div>,<div>,<div>,<div>,<div>,<div>
2:30,Ms. Launch,<div>,<div>,<div>,<div>,<div>,<div>,<div>,<div>,<div>,<div>,<div>,<div>,<div>,<div>,<div>,<div>,<div>,<div>,<div>,<div>
2:30,Mr. Sabotage,<div>,<div>,<div>,<div>,<div>,<div>,<div>,<div>,<div>,<div>,<div>,<div>,<div>,<div>,<div>,<div>,<div>,<div>,<div>,<div>
3:00,Totakeke,<div>,<div class='increase'>,<div>,<div>,<div>,<div>,<div>,<div>,<div>,<div class='decrease'>,<div>,<div>,<div>,<div>,<div>,<div>,<div>,<div>,<div>,<div>
3:00,Ms. Production,<div>,<div>,<div>,<div>,<div>,<div>,<div>,<div>,<div>,<div>,<div>,<div>,<div>,<div>,<div>,<div>,<div>,<div>,<div>,<div>
3:00,Ms. Launch,<div>,<div>,<div>,<div>,<div>,<div>,<div>,<div>,<div>,<div>,<div>,<div>,<div>,<div>,<div>,<div>,<div>,<div>,<div>,<div>
3:00,Mr. Sabotage,<div>,<div>,<div>,<div>,<div>,<div>,<div>,<div>,<div>,<div>,<div>,<div>,<div>,<div>,<div>,<div>,<div>,<div>,<div>,<div>
3:30,Totakeke,<div>,<div>,<div>,<div>,<div>,<div>,<div>,<div>,<div>,<div class='increase'>,<div>,<div>,<div>,<div class='decrease'>,<div>,<div>,<div>,<div>,<div>,<div>
3:30,Ms. Production,<div>,<div>,<div>,<div>,<div>,<div>,<div>,<div>,<div>,<div>,<div>,<div>,<div>,<div>,<div>,<div>,<div>,<div>,<div>,<div class='increase'>
3:30,Ms. Launch,<div>,<div>,<div>,<div>,<div>,<div>,<div>,<div>,<div>,<div>,<div>,<div>,<div>,<div>,<div>,<div>,<div>,<div>,<div>,<div class='increase'>
3:30,Mr. Sabotage,<div>,<div>,<div>,<div class='increase'>,<div>,<div>,<div>,<div>,<div>,<div>,<div>,<div>,<div>,<div>,<div>,<div>,<div>,<div>,<div>,<div>
4:00,Totakeke,<div>,<div>,<div>,<div>,<div>,<div>,<div>,<div>,<div>,<div>,<div>,<div>,<div class='increase'>,<div>,<div>,<div>,<div>,<div>,<div>,<div class='increase'>
4:00,Ms. Production,<div>,<div>,<div>,<div class='increase'>,<div>,<div class='increase'>,<div>,<div>,<div>,<div>,<div>,<div>,<div>,<div>,<div>,<div>,<div>,<div>,<div>,<div>
4:00,Ms. Launch,<div>,<div class='increase'>,<div>,<div>,<div>,<div>,<div>,<div>,<div>,<div>,<div>,<div>,<div class='increase'>,<div>,<div>,<div>,<div>,<div>,<div>,<div>
4:00,Mr. Sabotage,<div>,<div>,<div>,<div>,<div>,<div>,<div>,<div>,<div>,<div>,<div>,<div>,<div>,<div>,<div>,<div>,<div>,<div>,<div>,<div>
4:30,Totakeke,<div>,<div>,<div>,<div>,<div>,<div>,<div>,<div>,<div class='increase'>,<div>,<div>,<div>,<div>,<div>,<div>,<div>,<div>,<div>,<div>,<div>
4:30,Ms. Production,<div>,<div>,<div>,<div>,<div>,<div class='increase'>,<div>,<div>,<div>,<div>,<div>,<div>,<div class='increase'>,<div>,<div>,<div>,<div>,<div>,<div>,<div>
4:30,Ms. Launch,<div>,<div>,<div>,<div class='increase'>,<div>,<div>,<div>,<div>,<div>,<div>,<div>,<div>,<div>,<div>,<div>,<div>,<div>,<div>,<div>,<div>
4:30,Mr. Sabotage,<div>,<div>,<div>,<div>,<div>,<div>,<div>,<div>,<div>,<div>,<div>,<div>,<div>,<div>,<div>,<div>,<div>,<div>,<div>,<div>
5:00,Totakeke,<div>,<div>,<div>,<div>,<div>,<div>,<div>,<div>,<div>,<div>,<div>,<div>,<div class='increase'>,<div>,<div>,<div>,<div>,<div>,<div>,<div>
5:00,Ms. Production,<div>,<div>,<div>,<div class='increase'>,<div>,<div>,<div>,<div>,<div>,<div>,<div>,<div>,<div>,<div>,<div>,<div>,<div>,<div>,<div>,<div>
5:00,Ms. Launch,<div>,<div>,<div>,<div>,<div>,<div>,<div>,<div>,<div>,<div>,<div>,<div>,<div>,<div>,<div>,<div>,<div>,<div>,<div>,<div>
5:00,Mr. Sabotage,<div>,<div>,<div>,<div>,<div>,<div>,<div>,<div>,<div>,<div>,<div>,<div>,<div>,<div>,<div>,<div>,<div>,<div>,<div>,<div class='increase'>
5:30,Totakeke,<div>,<div class='increase'>,<div>,<div>,<div>,<div>,<div>,<div>,<div>,<div>,<div>,<div>,<div>,<div>,<div>,<div>,<div>,<div>,<div>,<div>
5:30,Ms. Production,<div>,<div>,<div class='increase'>,<div>,<div>,<div>,<div>,<div>,<div>,<div>,<div>,<div>,<div>,<div>,<div>,<div>,<div>,<div>,<div>,<div>
5:30,Ms. Launch,<div>,<div>,<div class='increase'>,<div>,<div class='decrease'>,<div>,<div>,<div>,<div>,<div>,<div>,<div>,<div>,<div>,<div>,<div>,<div>,<div>,<div>,<div>
5:30,Mr. Sabotage,<div>,<div>,<div>,<div>,<div>,<div>,<div>,<div>,<div>,<div class='increase'>,<div>,<div>,<div>,<div>,<div>,<div>,<div>,<div>,<div>,<div>
6:00,Totakeke,<div>,<div class='increase'>,<div>,<div>,<div>,<div>,<div>,<div>,<div>,<div>,<div>,<div>,<div>,<div class='decrease'>,<div>,<div>,<div>,<div>,<div>,<div>
6:00,Ms. Production,<div>,<div>,<div>,<div>,<div>,<div>,<div>,<div>,<div>,<div>,<div>,<div>,<div>,<div>,<div>,<div>,<div>,<div>,<div>,<div>
6:00,Ms. Launch,<div>,<div>,<div>,<div>,<div>,<div>,<div>,<div>,<div>,<div>,<div>,<div>,<div>,<div>,<div>,<div>,<div>,<div>,<div>,<div>
6:00,Mr. Sabotage,<div>,<div>,<div>,<div>,<div>,<div>,<div>,<div class='increase'>,<div>,<div>,<div>,<div>,<div class='increase'>,<div>,<div>,<div>,<div>,<div>,<div>,<div>
6:30,Totakeke,<div>,<div>,<div>,<div>,<div>,<div>,<div>,<div>,<div>,<div>,<div>,<div>,<div>,<div class='increase'>,<div>,<div>,<div>,<div>,<div>,<div>
6:30,Ms. Production,<div>,<div>,<div>,<div>,<div>,<div>,<div>,<div>,<div>,<div>,<div>,<div>,<div>,<div>,<div>,<div>,<div>,<div>,<div>,<div>
6:30,Ms. Launch,<div>,<div>,<div>,<div>,<div>,<div>,<div>,<div>,<div>,<div>,<div>,<div>,<div>,<div>,<div>,<div>,<div>,<div>,<div>,<div>
6:30,Mr. Sabotage,<div>,<div>,<div>,<div>,<div>,<div>,<div>,<div>,<div>,<div>,<div>,<div>,<div>,<div>,<div>,<div>,<div>,<div>,<div>,<div>
7:00,Totakeke,<div>,<div>,<div>,<div>,<div>,<div>,<div>,<div>,<div>,<div>,<div>,<div>,<div class='increase'>,<div>,<div>,<div>,<div>,<div>,<div>,<div class='increase'>
7:00,Ms. Production,<div>,<div>,<div class='increase'>,<div class='increase'>,<div>,<div class='increase'>,<div class='increase'>,<div>,<div>,<div>,<div>,<div>,<div>,<div>,<div>,<div>,<div>,<div>,<div>,<div class='increase'>
7:00,Ms. Launch,<div>,<div>,<div>,<div>,<div>,<div>,<div>,<div>,<div>,<div>,<div>,<div>,<div>,<div>,<div>,<div>,<div>,<div>,<div>,<div>
7:00,Mr. Sabotage,<div>,<div>,<div>,<div>,<div>,<div>,<div>,<div>,<div>,<div>,<div>,<div>,<div>,<div>,<div>,<div>,<div>,<div>,<div>,<div>
7:30,Totakeke,<div>,<div>,<div>,<div>,<div>,<div>,<div>,<div>,<div>,<div>,<div>,<div>,<div>,<div>,<div>,<div>,<div>,<div class='increase'>,<div>,<div>
7:30,Ms. Production,<div>,<div>,<div>,<div>,<div>,<div>,<div>,<div>,<div>,<div>,<div>,<div>,<div>,<div>,<div>,<div>,<div>,<div>,<div>,<div>
7:30,Ms. Launch,<div>,<div>,<div>,<div>,<div>,<div>,<div>,<div>,<div>,<div>,<div>,<div>,<div>,<div>,<div>,<div>,<div>,<div>,<div>,<div>
7:30,Mr. Sabotage,<div>,<div>,<div>,<div>,<div>,<div>,<div>,<div class='increase'>,<div>,<div>,<div>,<div>,<div>,<div>,<div>,<div>,<div>,<div>,<div>,<div>
8:00,Totakeke,<div>,<div>,<div>,<div>,<div>,<div>,<div class='increase'>,<div>,<div>,<div>,<div>,<div>,<div class='increase'>,<div>,<div>,<div>,<div>,<div>,<div>,<div>
8:00,Ms. Production,<div>,<div>,<div>,<div>,<div>,<div>,<div>,<div>,<div>,<div>,<div>,<div>,<div>,<div>,<div>,<div>,<div>,<div>,<div class='increase'>,<div>
8:00,Ms. Launch,<div>,<div>,<div>,<div>,<div>,<div>,<div>,<div>,<div>,<div>,<div>,<div>,<div>,<div>,<div>,<div>,<div>,<div>,<div>,<div>
8:00,Mr. Sabotage,<div>,<div>,<div>,<div>,<div>,<div>,<div>,<div>,<div>,<div>,<div>,<div>,<div>,<div>,<div>,<div>,<div>,<div>,<div>,<div>
8:30,Totakeke,<div>,<div>,<div>,<div>,<div>,<div>,<div>,<div>,<div>,<div>,<div>,<div>,<div>,<div>,<div>,<div>,<div>,<div>,<div>,<div class='increase'>
8:30,Ms. Production,<div>,<div>,<div>,<div>,<div>,<div>,<div>,<div>,<div>,<div>,<div>,<div>,<div>,<div>,<div>,<div>,<div>,<div>,<div>,<div>
8:30,Ms. Launch,<div>,<div>,<div>,<div>,<div>,<div>,<div>,<div>,<div>,<div>,<div>,<div>,<div>,<div>,<div>,<div>,<div>,<div>,<div>,<div>
8:30,Mr. Sabotage,<div>,<div>,<div>,<div>,<div>,<div>,<div>,<div>,<div>,<div>,<div>,<div>,<div>,<div>,<div>,<div>,<div>,<div>,<div>,<div>
9:00,Totakeke,<div>,<div>,<div>,<div>,<div>,<div>,<div>,<div>,<div>,<div>,<div>,<div>,<div>,<div>,<div>,<div>,<div>,<div>,<div>,<div>
9:00,Ms. Production,<div>,<div>,<div>,<div>,<div>,<div>,<div>,<div>,<div>,<div>,<div>,<div>,<div>,<div>,<div>,<div>,<div>,<div>,<div>,<div>
9:00,Ms. Launch,<div>,<div>,<div>,<div>,<div>,<div>,<div>,<div>,<div>,<div>,<div>,<div>,<div>,<div>,<div>,<div>,<div>,<div>,<div>,<div>
9:00,Mr. Sabotage,<div>,<div>,<div>,<div>,<div>,<div>,<div>,<div>,<div>,<div>,<div>,<div>,<div>,<div>,<div>,<div>,<div>,<div>,<div>,<div>
9:30,Totakeke,<div>,<div class='increase'>,<div>,<div>,<div>,<div>,<div>,<div class='increase'>,<div>,<div>,<div>,<div>,<div>,<div>,<div>,<div>,<div>,<div>,<div>,<div>
9:30,Ms. Production,<div>,<div>,<div>,<div>,<div>,<div>,<div>,<div>,<div>,<div>,<div>,<div>,<div>,<div>,<div>,<div>,<div>,<div>,<div>,<div class='increase'>
9:30,Ms. Launch,<div>,<div>,<div>,<div>,<div>,<div>,<div>,<div>,<div>,<div>,<div>,<div>,<div>,<div>,<div>,<div>,<div>,<div>,<div>,<div>
9:30,Mr. Sabotage,<div>,<div>,<div>,<div>,<div>,<div>,<div>,<div>,<div>,<div>,<div>,<div>,<div>,<div>,<div>,<div>,<div>,<div>,<div>,<div>
10:00,Totakeke,<div>,<div>,<div>,<div>,<div>,<div>,<div>,<div>,<div>,<div>,<div>,<div>,<div>,<div>,<div>,<div>,<div>,<div>,<div>,<div>
10:00,Ms. Production,<div>,<div class='increase'>,<div>,<div>,<div class='increase'>,<div>,<div class='increase'>,<div>,<div>,<div class='increase'>,<div>,<div>,<div class='increase'>,<div>,<div>,<div>,<div>,<div>,<div>,<div>
10:00,Ms. Launch,<div>,<div>,<div>,<div>,<div>,<div>,<div>,<div>,<div>,<div>,<div>,<div>,<div>,<div>,<div>,<div>,<div>,<div>,<div>,<div>
10:00,Mr. Sabotage,<div>,<div>,<div class='increase'>,<div>,<div>,<div class='increase'>,<div>,<div>,<div>,<div>,<div>,<div>,<div>,<div>,<div>,<div>,<div>,<div>,<div>,<div class='increase'>
10:30,Totakeke,<div>,<div class='decrease'>,<div>,<div>,<div>,<div class='increase'>,<div>,<div>,<div>,<div>,<div>,<div>,<div>,<div>,<div>,<div>,<div>,<div>,<div>,<div>
10:30,Ms. Production,<div>,<div>,<div>,<div>,<div>,<div>,<div>,<div>,<div>,<div>,<div>,<div>,<div>,<div>,<div>,<div>,<div>,<div>,<div>,<div>
10:30,Ms. Launch,<div>,<div>,<div>,<div>,<div>,<div class='increase'>,<div>,<div>,<div>,<div>,<div>,<div>,<div class='increase'>,<div>,<div>,<div>,<div>,<div>,<div>,<div class='increase'>
10:30,Mr. Sabotage,<div>,<div>,<div>,<div>,<div class='increase'>,<div>,<div>,<div>,<div>,<div>,<div>,<div>,<div>,<div>,<div>,<div>,<div>,<div>,<div>,<div>
11:00,Totakeke,<div>,<div class='decrease'>,<div>,<div>,<div>,<div>,<div>,<div>,<div>,<div>,<div>,<div>,<div>,<div class='decrease'>,<div>,<div>,<div class='increase'>,<div>,<div>,<div>
11:00,Ms. Production,<div>,<div>,<div>,<div>,<div>,<div class='increase'>,<div>,<div>,<div>,<div>,<div>,<div>,<div>,<div>,<div>,<div>,<div>,<div>,<div>,<div>
11:00,Ms. Launch,<div>,<div>,<div>,<div>,<div>,<div>,<div>,<div>,<div>,<div>,<div>,<div>,<div>,<div>,<div>,<div>,<div>,<div>,<div>,<div>
11:00,Mr. Sabotage,<div>,<div>,<div>,<div>,<div>,<div>,<div>,<div>,<div>,<div>,<div>,<div>,<div>,<div>,<div>,<div class='increase'>,<div>,<div>,<div>,<div>
11:30,Totakeke,<div>,<div class='decrease'>,<div>,<div>,<div class='increase'>,<div class='increase'>,<div>,<div>,<div>,<div>,<div>,<div>,<div>,<div class='decrease'>,<div>,<div>,<div>,<div>,<div>,<div>
11:30,Ms. Production,<div>,<div>,<div>,<div>,<div>,<div>,<div>,<div>,<div>,<div>,<div>,<div>,<div>,<div>,<div>,<div>,<div>,<div>,<div>,<div>
11:30,Ms. Launch,<div>,<div>,<div>,<div>,<div>,<div>,<div>,<div class='decrease'>,<div>,<div>,<div>,<div>,<div>,<div>,<div>,<div>,<div>,<div>,<div class='increase'>,<div>
11:30,Mr. Sabotage,<div>,<div>,<div>,<div>,<div>,<div>,<div>,<div>,<div>,<div>,<div>,<div>,<div>,<div>,<div>,<div>,<div>,<div>,<div>,<div>
12:00,Totakeke,<div>,<div>,<div>,<div>,<div>,<div>,<div class='increase'>,<div>,<div>,<div>,<div>,<div>,<div class='decrease'>,<div>,<div>,<div>,<div>,<div>,<div>,<div>
12:00,Ms. Production,<div>,<div>,<div>,<div>,<div>,<div>,<div>,<div>,<div>,<div>,<div>,<div>,<div>,<div>,<div>,<div>,<div>,<div>,<div>,<div>
12:00,Ms. Launch,<div>,<div>,<div>,<div>,<div>,<div>,<div>,<div>,<div>,<div>,<div>,<div>,<div>,<div>,<div>,<div>,<div>,<div>,<div>,<div>
12:00,Mr. Sabotage,<div>,<div>,<div>,<div>,<div>,<div>,<div>,<div>,<div>,<div>,<div>,<div>,<div>,<div>,<div>,<div>,<div>,<div>,<div>,<div>
12:30,Totakeke,<div>,<div>,<div>,<div>,<div>,<div>,<div>,<div>,<div>,<div>,<div>,<div>,<div>,<div>,<div>,<div>,<div>,<div>,<div>,<div>
12:30,Ms. Production,<div>,<div>,<div>,<div>,<div>,<div>,<div>,<div>,<div>,<div>,<div>,<div>,<div>,<div>,<div>,<div>,<div>,<div>,<div>,<div class='increase'>
12:30,Ms. Launch,<div>,<div>,<div>,<div>,<div>,<div>,<div>,<div>,<div>,<div>,<div>,<div>,<div>,<div>,<div>,<div>,<div>,<div>,<div>,<div>
12:30,Mr. Sabotage,<div>,<div>,<div>,<div>,<div>,<div>,<div>,<div>,<div>,<div>,<div>,<div>,<div>,<div>,<div>,<div>,<div>,<div>,<div>,<div>
13:00,Totakeke,<div>,<div>,<div>,<div>,<div>,<div>,<div>,<div>,<div>,<div>,<div>,<div>,<div>,<div>,<div>,<div>,<div>,<div>,<div>,<div>
13:00,Ms. Production,<div>,<div class='increase'>,<div>,<div>,<div class='increase'>,<div>,<div>,<div>,<div class='increase'>,<div class='increase'>,<div>,<div>,<div>,<div class='increase'>,<div>,<div>,<div>,<div>,<div>,<div>
13:00,Ms. Launch,<div>,<div>,<div>,<div>,<div>,<div>,<div>,<div>,<div>,<div>,<div>,<div>,<div>,<div>,<div>,<div>,<div>,<div>,<div>,<div>
13:00,Mr. Sabotage,<div>,<div>,<div>,<div>,<div>,<div>,<div>,<div>,<div>,<div>,<div>,<div>,<div>,<div>,<div>,<div>,<div>,<div>,<div>,<div>
13:30,Totakeke,<div>,<div>,<div>,<div>,<div>,<div>,<div>,<div>,<div>,<div>,<div>,<div>,<div>,<div>,<div>,<div>,<div>,<div>,<div>,<div>
13:30,Ms. Production,<div>,<div>,<div>,<div>,<div>,<div>,<div>,<div>,<div>,<div>,<div>,<div>,<div>,<div>,<div>,<div>,<div>,<div>,<div>,<div>
13:30,Ms. Launch,<div>,<div>,<div>,<div>,<div>,<div>,<div>,<div>,<div>,<div>,<div>,<div>,<div>,<div>,<div>,<div>,<div>,<div>,<div>,<div>
13:30,Mr. Sabotage,<div>,<div>,<div class='increase'>,<div>,<div>,<div>,<div>,<div>,<div>,<div>,<div>,<div>,<div>,<div class='increase'>,<div>,<div>,<div>,<div>,<div>,<div class='increase'>
14:00,Totakeke,<div>,<div>,<div class='increase'>,<div class='increase'>,<div class='increase'>,<div class='increase'>,<div>,<div class='increase'>,<div>,<div class='increase'>,<div>,<div>,<div class='increase'>,<div class='increase'>,<div>,<div class='increase'>,<div>,<div>,<div>,<div class='increase'>
14:00,Ms. Production,<div>,<div>,<div>,<div class='increase'>,<div>,<div>,<div>,<div>,<div>,<div>,<div>,<div>,<div>,<div>,<div>,<div>,<div>,<div>,<div>,<div>
14:00,Ms. Launch,<div>,<div>,<div>,<div class='increase'>,<div>,<div class='increase'>,<div>,<div>,<div>,<div class='increase'>,<div>,<div>,<div>,<div class='increase'>,<div>,<div>,<div>,<div>,<div>,<div class='increase'>
14:00,Mr. Sabotage,<div>,<div>,<div class='decrease'>,<div class='decrease'>,<div class='decrease'>,<div class='decrease'>,<div>,<div class='decrease'>,<div>,<div class='decrease'>,<div>,<div>,<div class='decrease'>,<div class='decrease'>,<div>,<div class='decrease'>,<div>,<div>,<div>,<div class='decrease'>
14:30,Totakeke,<div>,<div>,<div>,<div>,<div>,<div>,<div>,<div>,<div>,<div>,<div>,<div>,<div>,<div>,<div>,<div>,<div>,<div>,<div>,<div>
14:30,Ms. Production,<div>,<div>,<div>,<div>,<div>,<div>,<div>,<div>,<div>,<div>,<div>,<div>,<div>,<div>,<div>,<div>,<div>,<div>,<div>,<div>
14:30,Ms. Launch,<div>,<div>,<div>,<div>,<div>,<div>,<div>,<div>,<div>,<div>,<div>,<div>,<div>,<div>,<div>,<div>,<div>,<div>,<div>,<div>
14:30,Mr. Sabotage,<div>,<div>,<div>,<div>,<div>,<div>,<div>,<div>,<div>,<div>,<div>,<div>,<div>,<div>,<div>,<div>,<div>,<div>,<div>,<div>
15:00,Totakeke,<div>,<div>,<div>,<div class='increase'>,<div>,<div>,<div class='increase'>,<div>,<div>,<div>,<div>,<div>,<div>,<div>,<div>,<div>,<div>,<div>,<div>,<div class='increase'>
15:00,Ms. Production,<div>,<div>,<div>,<div>,<div>,<div>,<div class='decrease'>,<div>,<div>,<div>,<div>,<div>,<div>,<div>,<div>,<div>,<div class='increase'>,<div>,<div>,<div>
15:00,Ms. Launch,<div>,<div>,<div class='increase'>,<div>,<div>,<div>,<div>,<div>,<div>,<div>,<div>,<div>,<div>,<div>,<div>,<div>,<div>,<div>,<div>,<div>
15:00,Mr. Sabotage,<div>,<div>,<div>,<div>,<div>,<div>,<div>,<div>,<div>,<div>,<div>,<div>,<div>,<div>,<div>,<div>,<div>,<div>,<div>,<div>
15:30,Totakeke,<div>,<div>,<div>,<div>,<div>,<div>,<div>,<div>,<div>,<div>,<div>,<div>,<div>,<div>,<div>,<div>,<div>,<div>,<div>,<div>
15:30,Ms. Production,<div>,<div>,<div>,<div>,<div>,<div>,<div class='decrease'>,<div>,<div>,<div>,<div>,<div>,<div>,<div>,<div>,<div>,<div class='increase'>,<div>,<div>,<div>
15:30,Ms. Launch,<div>,<div>,<div>,<div>,<div>,<div>,<div>,<div>,<div>,<div>,<div>,<div>,<div>,<div>,<div>,<div>,<div>,<div>,<div>,<div>
15:30,Mr. Sabotage,<div>,<div>,<div>,<div>,<div>,<div>,<div>,<div>,<div>,<div>,<div>,<div>,<div>,<div>,<div>,<div>,<div>,<div>,<div>,<div>
16:00,Totakeke,<div>,<div class='increase'>,<div class='increase'>,<div class='increase'>,<div>,<div class='increase'>,<div>,<div>,<div>,<div class='increase'>,<div>,<div>,<div class='increase'>,<div class='increase'>,<div>,<div>,<div>,<div>,<div class='increase'>,<div class='increase'>
16:00,Ms. Production,<div>,<div>,<div>,<div>,<div>,<div>,<div>,<div>,<div>,<div>,<div>,<div>,<div>,<div>,<div>,<div>,<div>,<div>,<div>,<div>
16:00,Ms. Launch,<div>,<div class='decrease'>,<div class='decrease'>,<div class='decrease'>,<div>,<div class='decrease'>,<div>,<div>,<div>,<div class='decrease'>,<div>,<div>,<div class='decrease'>,<div class='decrease'>,<div>,<div>,<div>,<div>,<div class='decrease'>,<div class='decrease'>
16:00,Mr. Sabotage,<div>,<div>,<div>,<div>,<div>,<div>,<div>,<div>,<div>,<div>,<div>,<div>,<div>,<div>,<div>,<div>,<div>,<div>,<div>,<div>
16:30,Totakeke,<div>,<div>,<div>,<div>,<div>,<div>,<div>,<div>,<div>,<div>,<div>,<div>,<div>,<div>,<div>,<div>,<div>,<div>,<div>,<div>
16:30,Ms. Production,<div>,<div>,<div>,<div>,<div>,<div>,<div>,<div>,<div>,<div>,<div>,<div>,<div>,<div>,<div>,<div>,<div>,<div>,<div>,<div>
16:30,Ms. Launch,<div>,<div>,<div>,<div>,<div>,<div>,<div>,<div>,<div>,<div>,<div>,<div>,<div>,<div>,<div>,<div>,<div>,<div>,<div>,<div>
16:30,Mr. Sabotage,<div>,<div>,<div>,<div>,<div>,<div>,<div>,<div>,<div>,<div>,<div>,<div>,<div>,<div>,<div>,<div>,<div>,<div>,<div>,<div>
17:00,Totakeke,<div>,<div>,<div>,<div>,<div>,<div>,<div>,<div>,<div>,<div>,<div>,<div>,<div>,<div>,<div>,<div>,<div>,<div>,<div>,<div>
17:00,Ms. Production,<div>,<div>,<div>,<div>,<div>,<div>,<div>,<div>,<div>,<div>,<div>,<div>,<div>,<div>,<div>,<div>,<div>,<div>,<div>,<div>
17:00,Ms. Launch,<div>,<div>,<div>,<div>,<div>,<div>,<div>,<div>,<div>,<div>,<div>,<div>,<div>,<div>,<div>,<div>,<div>,<div>,<div>,<div>
17:00,Mr. Sabotage,<div>,<div>,<div>,<div>,<div>,<div>,<div>,<div>,<div>,<div>,<div>,<div>,<div>,<div>,<div>,<div>,<div>,<div>,<div>,<div>
17:30,Totakeke,<div>,<div class='increase'>,<div class='increase'>,<div class='increase'>,<div class='increase'>,<div class='increase'>,<div>,<div>,<div class='increase'>,<div class='increase'>,<div>,<div>,<div class='increase'>,<div class='increase'>,<div>,<div>,<div class='increase'>,<div>,<div class='increase'>,<div class='increase'>
17:30,Ms. Production,<div>,<div class='decrease'>,<div class='decrease'>,<div class='decrease'>,<div class='decrease'>,<div class='decrease'>,<div>,<div>,<div class='decrease'>,<div class='decrease'>,<div>,<div>,<div class='decrease'>,<div class='decrease'>,<div>,<div>,<div class='decrease'>,<div>,<div class='decrease'>,<div class='decrease'>
17:30,Ms. Launch,<div>,<div>,<div>,<div>,<div>,<div>,<div>,<div>,<div>,<div>,<div>,<div>,<div>,<div>,<div>,<div>,<div>,<div>,<div>,<div>
17:30,Mr. Sabotage,<div>,<div>,<div>,<div>,<div>,<div>,<div>,<div>,<div>,<div>,<div>,<div>,<div>,<div>,<div>,<div>,<div>,<div>,<div>,<div>
18:00,Totakeke,<div>,<div>,<div>,<div>,<div>,<div>,<div>,<div>,<div>,<div>,<div>,<div>,<div>,<div>,<div>,<div>,<div>,<div>,<div>,<div>
18:00,Ms. Production,<div>,<div>,<div>,<div>,<div>,<div>,<div>,<div>,<div>,<div>,<div>,<div>,<div>,<div>,<div>,<div>,<div>,<div>,<div>,<div>
18:00,Ms. Launch,<div>,<div>,<div>,<div>,<div>,<div>,<div>,<div>,<div>,<div>,<div>,<div>,<div>,<div>,<div>,<div>,<div>,<div>,<div>,<div>
18:00,Mr. Sabotage,<div>,<div>,<div>,<div>,<div>,<div>,<div>,<div>,<div>,<div>,<div>,<div>,<div>,<div>,<div>,<div>,<div>,<div>,<div>,<div>
